mirna,mirna_id_original,mirna_seq,mirna_id
hsa-miR-136-5p,1,ACUCCAUUUGUUUUGAUGAUGGA,1
hsa-miR-148a-3p,2,UCAGUGCACUACAGAACUUUGU,2
hsa-miR-148b-3p,3,UCAGUGCAUCACAGAACUUUGU,3
hsa-miR-152-3p,4,UCAGUGCAUGACAGAACUUGG,4
hsa-miR-15a-5p,5,UAGCAGCACAUAAUGGUUUGUG,5
hsa-miR-15b-5p,6,UAGCAGCACAUCAUGGUUUACA,6
hsa-miR-16-5p,7,UAGCAGCACGUAAAUAUUGGCG,7
hsa-miR-195-5p,8,UAGCAGCACAGAAAUAUUGGC,8
hsa-miR-214-3p,9,ACAGCAGGCACAGACAGGCAGU,9
hsa-miR-326,10,CCUCUGGGCCCUUCCUCCAG,10
hsa-miR-330-5p,11,UCUCUGGGCCUGUGUCUUAGGC,11
hsa-miR-34a-5p,12,UGGCAGUGUCUUAGCUGGUUGU,12
hsa-miR-34c-5p,13,AGGCAGUGUAGUUAGCUGAUUGC,13
hsa-miR-3619-5p,14,UCAGCAGGCAGGCUGGUGCAGC,14
hsa-miR-370-3p,15,GCCUGCUGGGGUGGAACCUGGU,15
hsa-miR-424-5p,16,CAGCAGCAAUUCAUGUUUUGAA,16
hsa-miR-449a,17,UGGCAGUGUAUUGUUAGCUGGU,17
hsa-miR-449b-5p,18,AGGCAGUGUAUUGUUAGCUGGC,18
hsa-miR-497-5p,19,CAGCAGCACACUGUGGUUUGU,19
hsa-miR-761,20,GCAGCAGGGUGAAACUGACACA,20
hsa-miR-138-5p,21,AGCUGGUGUUGUGAAUCAGGCCG,21
hsa-miR-149-5p,22,UCUGGCUCCGUGUCUUCACUCCC,22
hsa-miR-296-3p,23,GAGGGUUGGGUGGAGGCUCUCC,23
hsa-miR-320b,24,AAAAGCUGGGUUGAGAGGGCAA,24
hsa-miR-320c,25,AAAAGCUGGGUUGAGAGGGU,25
hsa-miR-320d,26,AAAAGCUGGGUUGAGAGGA,26
hsa-miR-377-3p,27,AUCACACAAAGGCAACUUUUGU,27
hsa-miR-4429,28,AAAAGCUGGGCUGAGAGGCG,28
hsa-miR-485-5p,29,AGAGGCUGGCCGUGAUGAAUUC,29
hsa-miR-873-5p,30,GCAGGAACUUGUGAGUCUCCU,30
hsa-miR-184,31,UGGACGGAGAACUGAUAAGGGU,31
hsa-miR-31-5p,32,AGGCAAGAUGCUGGCAUAGCU,32
hsa-miR-491-5p,33,AGUGGGGAACCCUUCCAUGAGG,33
hsa-miR-494-3p,34,UGAAACAUACACGGGAAACCUC,34
hsa-miR-141-3p,35,UAACACUGUCUGGUAAAGAUGG,35
hsa-miR-200a-3p,36,UAACACUGUCUGGUAACGAUGU,36
hsa-miR-495-3p,37,AAACAAACAUGGUGCACUUCUU,37
hsa-miR-199a-5p,38,CCCAGUGUUCAGACUACCUGUUC,38
hsa-miR-199b-5p,39,CCCAGUGUUUAGACUAUCUGUUC,39
hsa-miR-125a-5p,40,UCCCUGAGACCCUUUAACCUGUGA,40
hsa-miR-125b-5p,41,UCCCUGAGACCCUAACUUGUGA,41
hsa-miR-4319,42,UCCCUGAGCAAAGCCAC,42
hsa-miR-1271-5p,43,CUUGGCACCUAGCAAGCACUCA,43
hsa-miR-134-5p,44,UGUGACUGGUUGACCAGAGGGG,44
hsa-miR-3118,45,UGUGACUGCAUUAUGAAAAUUCU,45
hsa-miR-96-5p,46,UUUGGCACUAGCACAUUUUUGCU,46
hsa-miR-106a-5p,47,AAAAGUGCUUACAGUGCAGGUAG,47
hsa-miR-106b-5p,48,UAAAGUGCUGACAGUGCAGAU,48
hsa-miR-17-5p,49,CAAAGUGCUUACAGUGCAGGUAG,49
hsa-miR-20a-5p,50,UAAAGUGCUUAUAGUGCAGGUAG,50
hsa-miR-20b-5p,51,CAAAGUGCUCAUAGUGCAGGUAG,51
hsa-miR-27a-3p,52,UUCACAGUGGCUAAGUUCCGC,52
hsa-miR-27b-3p,53,UUCACAGUGGCUAAGUUCUGC,53
hsa-miR-384,54,AUUCCUAGAAAUUGUUCAUA,54
hsa-miR-433-3p,55,AUCAUGAUGGGCUCCUCGGUGU,55
hsa-miR-519d-3p,56,CAAAGUGCCUCCCUUUAGAGUG,56
hsa-miR-93-5p,57,CAAAGUGCUGUUCGUGCAGGUAG,57
hsa-miR-135a-5p,58,UAUGGCUUUUUAUUCCUAUGUGA,58
hsa-miR-135b-5p,59,UAUGGCUUUUCAUUCCUAUGUGA,59
hsa-miR-139-5p,60,UCUACAGUGCACGUGUCUCCAGU,60
hsa-miR-182-5p,61,UUUGGCAAUGGUAGAACUCACACU,61
hsa-miR-186-5p,62,CAAAGAAUUCUCCUUUUGGGCU,62
hsa-miR-196a-5p,63,UAGGUAGUUUCAUGUUGUUGGG,63
hsa-miR-196b-5p,64,UAGGUAGUUUCCUGUUGUUGGG,64
hsa-miR-216a-5p,65,UAAUCUCAGCUGGCAACUGUGA,65
hsa-miR-340-5p,66,UUAUAAAGCAAUGAGACUGAUU,66
hsa-miR-371a-5p,67,ACUCAAACUGUGGGGGCACU,67
hsa-miR-544a,68,AUUCUGCAUUUUUAGCAAGUUC,68
hsa-miR-758-3p,69,UUUGUGACCUGGUCCACUAACC,69
hsa-miR-200b-3p,70,UAAUACUGCCUGGUAAUGAUGA,70
hsa-miR-200c-3p,71,UAAUACUGCCGGGUAAUGAUGGA,71
hsa-miR-429,72,UAAUACUGUCUGGUAAAACCGU,72
hsa-miR-129-5p,73,CUUUUUGCGGUCUGGGCUUGC,73
hsa-miR-335-5p,74,UCAAGAGCAAUAACGAAAAAUGU,74
hsa-miR-378a-3p,75,ACUGGACUUGGAGUCAGAAGGC,75
hsa-miR-378b,76,ACUGGACUUGGAGGCAGAA,76
hsa-miR-378c,77,ACUGGACUUGGAGUCAGAAGAGUGG,77
hsa-miR-378d,78,ACUGGACUUGGAGUCAGAAA,78
hsa-miR-378e,79,ACUGGACUUGGAGUCAGGA,79
hsa-miR-378f,80,ACUGGACUUGGAGCCAGAAG,80
hsa-miR-378h,81,ACUGGACUUGGUGUCAGAUGG,81
hsa-miR-378i,82,ACUGGACUAGGAGUCAGAAGG,82
hsa-miR-422a,83,ACUGGACUUAGGGUCAGAAGGC,83
hsa-miR-181a-5p,84,AACAUUCAACGCUGUCGGUGAGU,84
hsa-miR-181b-5p,85,AACAUUCAUUGCUGUCGGUGGGU,85
hsa-miR-181c-5p,86,AACAUUCAACCUGUCGGUGAGU,86
hsa-miR-181d-5p,87,AACAUUCAUUGUUGUCGGUGGGU,87
hsa-miR-346,88,UGUCUGCCCGCAUGCCUGCCUCU,88
hsa-miR-4262,89,GACAUUCAGACUACCUG,89
hsa-miR-29a-3p,90,UAGCACCAUCUGAAAUCGGUUA,90
hsa-miR-29b-3p,91,UAGCACCAUUUGAAAUCAGUGUU,91
hsa-miR-29c-3p,92,UAGCACCAUUUGAAAUCGGUUA,92
hsa-miR-130a-3p,93,CAGUGCAAUGUUAAAAGGGCAU,93
hsa-miR-130b-3p,94,CAGUGCAAUGAUGAAAGGGCAU,94
hsa-miR-150-5p,95,UCUCCCAACCCUUGUACCAGUG,95
hsa-miR-301a-3p,96,CAGUGCAAUAGUAUUGUCAAAGC,96
hsa-miR-3666,97,CAGUGCAAGUGUAGAUGCCGA,97
hsa-miR-4295,98,CAGUGCAAUGUUUUCCUU,98
hsa-miR-454-3p,99,UAGUGCAAUAUUGCUUAUAGGGU,99
hsa-miR-185-5p,100,UGGAGAGAAAGGCAGUUCCUGA,100
hsa-miR-4306,101,UGGAGAGAAAGGCAGUA,101
hsa-miR-455-5p,102,UAUGUGCCUUUGGACUACAUCG,102
hsa-miR-4644,103,UGGAGAGAGAAAAGAGACAGAAG,103
hsa-miR-24-3p,104,UGGCUCAGUUCAGCAGGAACAG,104
hsa-miR-124-3p,105,UAAGGCACGCGGUGAAUGCCAA,105
hsa-miR-506-3p,106,UAAGGCACCCUUCUGAGUAGA,106
hsa-miR-539-5p,107,GGAGAAAUUAUCCUUGGUGUGU,107
hsa-miR-122-5p,108,UGGAGUGUGACAAUGGUGUUUG,108
hsa-miR-421,109,AUCAACAGACAUUAAUUGGGCGC,109
hsa-miR-505-3p,110,CGUCAACACUUGCUGGUUUCCU,110
hsa-miR-374a-5p,111,UUAUAAUACAACCUGAUAAGUG,111
hsa-miR-374b-5p,112,AUAUAAUACAACCUGCUAAGUG,112
hsa-miR-202-3p,113,AGAGGUAUAGGGCAUGGGAA,113
hsa-miR-590-3p,114,UAAUUUUAUGUAUAAGCUAGU,114
hsa-miR-144-3p,115,UACAGUAUAGAUGAUGUACU,115
hsa-miR-223-3p,116,UGUCAGUUUGUCAAAUACCCCA,116
hsa-miR-338-3p,117,UCCAGCAUCAGUGAUUUUGUUG,117
hsa-miR-542-3p,118,UGUGACAGAUUGAUAACUGAAA,118
hsa-miR-376c-3p,119,AACAUAGAGGAAAUUCCACGU,119
hsa-miR-221-3p,120,AGCUACAUUGUCUGCUGGGUUUC,120
hsa-miR-222-3p,121,AGCUACAUCUGGCUACUGGGU,121
hsa-miR-342-3p,122,UCUCACACAGAAAUCGCACCCGU,122
hsa-miR-376a-3p,123,AUCAUAGAGGAAAAUCCACGU,123
hsa-miR-376b-3p,124,AUCAUAGAGGAAAAUCCAUGUU,124
hsa-miR-19a-3p,125,UGUGCAAAUCUAUGCAAAACUGA,125
hsa-miR-19b-3p,126,UGUGCAAAUCCAUGCAAAACUGA,126
hsa-miR-140-5p,127,CAGUGGUUUUACCCUAUGGUAG,127
hsa-miR-365a-3p,128,UAAUGCCCCUAAAAAUCCUUAU,128
hsa-miR-197-3p,129,UUCACCACCUUCUCCACCCAGC,129
hsa-miR-206,130,UGGAAUGUAAGGAAGUGUGUGG,130
hsa-miR-22-3p,131,AAGCUGCCAGUUGAAGAACUGU,131
hsa-miR-613,132,AGGAAUGUUCCUUCUUUGCC,132
hsa-miR-155-5p,133,UUAAUGCUAAUCGUGAUAGGGGUU,133
hsa-miR-224-5p,134,UCAAGUCACUAGUGGUUCCGUUUAG,134
hsa-miR-28-5p,135,AAGGAGCUCACAGUCUAUUGAG,135
hsa-miR-3139,136,UAGGAGCUCAACAGAUGCCUGUU,136
hsa-miR-708-5p,137,AAGGAGCUUACAAUCUAGCUGGG,137
hsa-miR-1297,138,UUCAAGUAAUUCAGGUG,138
hsa-miR-26a-5p,139,UUCAAGUAAUCCAGGAUAGGCU,139
hsa-miR-26b-5p,140,UUCAAGUAAUUCAGGAUAGGU,140
hsa-miR-4465,141,CUCAAGUAGUCUGACCAGGGGA,141
hsa-miR-551a,142,GCGACCCACUCUUGGUUUCCA,142
hsa-miR-551b-3p,143,GCGACCCAUACUUGGUUUCAG,143
hsa-miR-103a-3p,144,AGCAGCAUUGUACAGGGCUAUGA,144
hsa-miR-107,145,AGCAGCAUUGUACAGGGCUAUCA,145
hsa-miR-653-5p,146,GUGUUGAAACAAUCUCUACUG,146
hsa-miR-143-3p,147,UGAGAUGAAGCACUGUAGCUC,147
hsa-miR-4770,148,UGAGAUGACACUGUAGCU,148
hsa-miR-383-5p,149,AGAUCAGAAGGUGAUUGUGGCU,149
hsa-miR-410-3p,150,AAUAUAACACAGAUGGCCUGU,150
hsa-miR-425-5p,151,AAUGACACGAUCACUCCCGUUGA,151
hsa-miR-33a-5p,152,GUGCAUUGUAGUUGCAUUGCA,152
hsa-miR-33b-5p,153,GUGCAUUGCUGUUGCAUUGC,153
hsa-let-7a-5p,154,UGAGGUAGUAGGUUGUAUAGUU,154
hsa-let-7b-5p,155,UGAGGUAGUAGGUUGUGUGGUU,155
hsa-let-7c-5p,156,UGAGGUAGUAGGUUGUAUGGUU,156
hsa-let-7d-5p,157,AGAGGUAGUAGGUUGCAUAGUU,157
hsa-let-7e-5p,158,UGAGGUAGGAGGUUGUAUAGUU,158
hsa-let-7f-5p,159,UGAGGUAGUAGAUUGUAUAGUU,159
hsa-let-7g-5p,160,UGAGGUAGUAGUUUGUACAGUU,160
hsa-let-7i-5p,161,UGAGGUAGUAGUUUGUGCUGUU,161
hsa-miR-4458,162,AGAGGUAGGUGUGGAAGAA,162
hsa-miR-4500,163,UGAGGUAGUAGUUUCUU,163
hsa-miR-488-3p,164,UUGAAAGGCUAUUUCUUGGUC,164
hsa-miR-98-5p,165,UGAGGUAGUAAGUUGUAUUGUU,165
hsa-miR-218-5p,166,UUGUGCUUGAUCUAACCAUGU,166
hsa-miR-302a-3p,167,UAAGUGCUUCCAUGUUUUGGUGA,167
hsa-miR-302b-3p,168,UAAGUGCUUCCAUGUUUUAGUAG,168
hsa-miR-302c-3p,169,UAAGUGCUUCCAUGUUUCAGUGG,169
hsa-miR-302d-3p,170,UAAGUGCUUCCAUGUUUGAGUGU,170
hsa-miR-302e,171,UAAGUGCUUCCAUGCUU,171
hsa-miR-372-3p,172,AAAGUGCUGCGACAUUUGAGCGU,172
hsa-miR-373-3p,173,GAAGUGCUUCGAUUUUGGGGUGU,173
hsa-miR-520a-3p,174,AAAGUGCUUCCCUUUGGACUGU,174
hsa-miR-520c-3p,175,AAAGUGCUUCCUUUUAGAGGGU,175
hsa-miR-520d-3p,176,AAAGUGCUUCUCUUUGGUGGGU,176
hsa-miR-324-5p,177,CGCAUCCCCUAGGGCAUUGGUG,177
hsa-miR-190a-5p,178,UGAUAUGUUUGAUAUAUUAGGU,178
hsa-miR-30a-5p,179,UGUAAACAUCCUCGACUGGAAG,179
hsa-miR-30b-5p,180,UGUAAACAUCCUACACUCAGCU,180
hsa-miR-30c-5p,181,UGUAAACAUCCUACACUCUCAGC,181
hsa-miR-30d-5p,182,UGUAAACAUCCCCGACUGGAAG,182
hsa-miR-30e-5p,183,UGUAAACAUCCUUGACUGGAAG,183
hsa-miR-153-3p,184,UUGCAUAGUCACAAAAGUGAUC,184
hsa-miR-874-3p,185,CUGCCCUGGCCCGAGGGACCGA,185
hsa-miR-101-3p,186,UACAGUACUGUGAUAACUGAA,186
hsa-miR-7-5p,187,UGGAAGACUAGUGAUUUUGUUGUU,187
hsa-miR-142-3p,188,UGUAGUGUUUCCUACUUUAUGGA,188
hsa-miR-210-3p,189,CUGUGCGUGUGACAGCGGCUGA,189
hsa-miR-329-3p,190,AACACACCUGGUUAACCUCUUU,190
hsa-miR-3529-5p,191,AGGUAGACUGGGAUUUGUUGUU,191
hsa-miR-362-3p,192,AACACACCUAUUCAAGGAUUCA,192
hsa-miR-379-5p,193,UGGUAGACUAUGGAACGUAGG,193
hsa-miR-18a-5p,194,UAAGGUGCAUCUAGUGCAGAUAG,194
hsa-miR-18b-5p,195,UAAGGUGCAUCUAGUGCAGUUAG,195
hsa-miR-300,196,UAUACAAGGGCAGACUCUCUCU,196
hsa-miR-381-3p,197,UAUACAAGGGCAAGCUCUCUGU,197
hsa-miR-4735-3p,198,AAAGGUGCUCAAAUUAGACAU,198
hsa-miR-132-3p,199,UAACAGUCUACAGCCAUGGUCG,199
hsa-miR-212-3p,200,UAACAGUCUCCAGUCACGGCC,200
hsa-miR-194-5p,201,UGUAACAGCAACUCCAUGUGGA,201
hsa-miR-216b-5p,202,AAAUCUCUGCAGGCAAAUGUGA,202
hsa-miR-145-5p,203,GUCCAGUUUUCCCAGGAAUCCCU,203
hsa-miR-382-5p,204,GAAGUUGUUCGUGGUGGAUUCG,204
hsa-miR-328-3p,205,CUGGCCCUCUCUGCCCUUCCGU,205
hsa-miR-208a-3p,206,AUAAGACGAGCAAAAAGCUUGU,206
hsa-miR-208b-3p,207,AUAAGACGAACAAAAGGUUUGU,207
hsa-miR-361-5p,208,UUAUCAGAAUCUCCAGGGGUAC,208
hsa-miR-499a-5p,209,UUAAGACUUGCAGUGAUGUUU,209
hsa-miR-25-3p,210,CAUUGCACUUGUCUCGGUCUGA,210
hsa-miR-32-5p,211,UAUUGCACAUUACUAAGUUGCA,211
hsa-miR-363-3p,212,AAUUGCACGGUAUCCAUCUGUA,212
hsa-miR-367-3p,213,AAUUGCACUUUAGCAAUGGUGA,213
hsa-miR-92a-3p,214,UAUUGCACUUGUCCCGGCCUGU,214
hsa-miR-92b-3p,215,UAUUGCACUCGUCCCGGCCUCC,215
hsa-miR-192-5p,216,CUGACCUAUGAAUUGACAGCC,216
hsa-miR-215-5p,217,AUGACCUAUGAAUUGACAGAC,217
hsa-miR-875-5p,218,UAUACCUCAGUUUUAUCAGGUG,218
hsa-miR-411-5p,219,UAGUAGACCGUAUAGCGUACG,219
hsa-miR-10a-5p,220,UACCCUGUAGAUCCGAAUUUGUG,220
hsa-miR-10b-5p,221,UACCCUGUAGAACCGAAUUUGUG,221
hsa-miR-339-5p,222,UCCCUGUCCUCCAGGAGCUCACG,222
hsa-miR-125a-3p,223,ACAGGUGAGGUUCUUGGGAGCC,223
hsa-miR-183-5p,224,UAUGGCACUGGUAGAAUUCACU,224
hsa-miR-193a-3p,225,AACUGGCCUACAAAGUCCCAGU,225
hsa-miR-193b-3p,226,AACUGGCCCUCAAAGUCCCGCU,226
hsa-miR-204-5p,227,UUCCCUUUGUCAUCCUAUGCCU,227
hsa-miR-211-5p,228,UUCCCUUUGUCAUCCUUCGCCU,228
hsa-miR-431-5p,229,UGUCUUGCAGGCCGUCAUGCA,229
hsa-miR-496,230,UGAGUAUUACAUGGCCAAUCUC,230
hsa-miR-205-5p,231,UCCUUCAUUCCACCGGAGUCUG,231
hsa-miR-448,232,UUGCAUAUGUAGGAUGUCCCAU,232
hsa-miR-21-5p,233,UAGCUUAUCAGACUGAUGUUGA,233
hsa-miR-590-5p,234,GAGCUUAUUCAUAAAAGUGCAG,234
hsa-miR-543,235,AAACAUUCGCGGUGCACUUCUU,235
hsa-miR-128-3p,236,UCACAGUGAACCGGUCUCUUU,236
hsa-miR-23a-3p,237,AUCACAUUGCCAGGGAUUUCC,237
hsa-miR-23b-3p,238,AUCACAUUGCCAGGGAUUACCAC,238
hsa-miR-23c,239,AUCACAUUGCCAGUGAUUACCC,239
hsa-miR-100-5p,240,AACCCGUAGAUCCGAACUUGUG,240
hsa-miR-615-3p,241,UCCGAGCCUGGGUCUCCCUCUU,241
hsa-miR-99a-5p,242,AACCCGUAGAUCCGAUCUUGUG,242
hsa-miR-99b-5p,243,CACCCGUAGAACCGACCUUGCG,243
hsa-miR-599,244,GUUGUGUCAGUUUAUCAAAC,244
hsa-miR-191-5p,245,CAACGGAAUCCCAAAAGCAGCUG,245
hsa-miR-450a-5p,246,UUUUGCGAUGUGUUCCUAAUAU,246
hsa-miR-133a-3p,247,UUUGGUCCCCUUCAACCAGCUG,247
hsa-miR-133b,248,UUUGGUCCCCUUCAACCAGCUA,248
hsa-miR-154-5p,249,UAGGUUAUCCGUGUUGCCUUCG,249
hsa-miR-146a-5p,250,UGAGAACUGAAUUCCAUGGGUU,250
hsa-miR-146b-5p,251,UGAGAACUGAAUUCCAUAGGCUG,251
hsa-miR-490-3p,252,CAACCUGGAGGACUCCAUGCUG,252
hsa-miR-4725-5p,253,AGACCCUGCAGCCUUCCCACC,253
hsa-miR-504-5p,254,AGACCCUGGUCUGCACUCUAUC,254
hsa-miR-299-3p,255,UAUGUGGGAUGGUAAACCGCUU,255
hsa-miR-9-5p,256,UCUUUGGUUAUCUAGCUGUAUGA,256
hsa-miR-3167,257,AGGAUUUCAGAAAUACUGGUGU,257
hsa-miR-876-5p,258,UGGAUUUCUUUGUGAAUCACCA,258
hsa-miR-486-5p,259,UCCUGUACUGAGCUGCCCCGAG,259
hsa-miR-487b-3p,260,AAUCGUACAGGGUCAUCCACUU,260
hsa-miR-503-5p,261,UAGCAGCGGGAACAGUUCUGCAG,261
hsa-miR-219a-5p,262,UGAUUGUCCAAACGCAAUUCU,262
hsa-miR-4782-3p,263,UGAUUGUCUUCAUAUCUAGAAC,263
hsa-miR-127-3p,264,UCGGAUCCGUCUGAGCUUGGCU,264
hsa-miR-451a,265,AAACCGUUACCAUUACUGAGUU,265
hsa-miR-126-3p,266,UCGUACCGUGAGUAAUAAUGCG,266
