hsa-miR-302b-3p,UAAGUGCUUCCAUGUUUUAGUAG
hsa-miR-32-5p,UAUUGCACAUUACUAAGUUGCA
hsa-miR-876-5p,UGGAUUUCUUUGUGAAUCACCA
hsa-miR-33a-5p,GUGCAUUGUAGUUGCAUUGCA
hsa-miR-148b-3p,UCAGUGCAUCACAGAACUUUGU
hsa-miR-873-5p,GCAGGAACUUGUGAGUCUCCU
hsa-miR-3666,CAGUGCAAGUGUAGAUGCCGA
hsa-miR-103a-3p,AGCAGCAUUGUACAGGGCUAUGA
hsa-miR-339-5p,UCCCUGUCCUCCAGGAGCUCACG
hsa-miR-362-3p,AACACACCUAUUCAAGGAUUCA
hsa-miR-653-5p,GUGUUGAAACAAUCUCUACUG
hsa-miR-92b-3p,UAUUGCACUCGUCCCGGCCUCC
hsa-miR-378f,ACUGGACUUGGAGCCAGAAG
hsa-miR-346,UGUCUGCCCGCAUGCCUGCCUCU
hsa-miR-542-3p,UGUGACAGAUUGAUAACUGAAA
hsa-miR-301a-3p,CAGUGCAAUAGUAUUGUCAAAGC
hsa-miR-146a-5p,UGAGAACUGAAUUCCAUGGGUU
hsa-miR-92a-3p,UAUUGCACUUGUCCCGGCCUGU
hsa-miR-33b-5p,GUGCAUUGCUGUUGCAUUGC
hsa-miR-3619-5p,UCAGCAGGCAGGCUGGUGCAGC
hsa-miR-154-5p,UAGGUUAUCCGUGUUGCCUUCG
hsa-miR-212-3p,UAACAGUCUCCAGUCACGGCC
hsa-miR-148a-3p,UCAGUGCACUACAGAACUUUGU
hsa-miR-326,CCUCUGGGCCCUUCCUCCAG
hsa-miR-599,GUUGUGUCAGUUUAUCAAAC
hsa-miR-3167,AGGAUUUCAGAAAUACUGGUGU
hsa-miR-138-5p,AGCUGGUGUUGUGAAUCAGGCCG
hsa-miR-543,AAACAUUCGCGGUGCACUUCUU
hsa-miR-506-3p,UAAGGCACCCUUCUGAGUAGA
hsa-miR-1271-5p,CUUGGCACCUAGCAAGCACUCA
hsa-miR-223-3p,UGUCAGUUUGUCAAAUACCCCA
hsa-miR-488-3p,UUGAAAGGCUAUUUCUUGGUC
hsa-miR-221-3p,AGCUACAUUGUCUGCUGGGUUUC
hsa-miR-30e-5p,UGUAAACAUCCUUGACUGGAAG
hsa-miR-155-5p,UUAAUGCUAAUCGUGAUAGGGGU
hsa-miR-370-3p,GCCUGCUGGGGUGGAACCUGGU
hsa-miR-181b-5p,AACAUUCAUUGCUGUCGGUGGGU
hsa-miR-196b-5p,UAGGUAGUUUCCUGUUGUUGGG
hsa-miR-27b-3p,UUCACAGUGGCUAAGUUCUGC
hsa-miR-106a-5p,AAAAGUGCUUACAGUGCAGGUAG
hsa-miR-615-3p,UCCGAGCCUGGGUCUCCCUCUU
hsa-miR-202-3p,AGAGGUAUAGGGCAUGGGAA
hsa-let-7d-5p,AGAGGUAGUAGGUUGCAUAGUU
hsa-miR-544a,AUUCUGCAUUUUUAGCAAGUUC
hsa-miR-197-3p,UUCACCACCUUCUCCACCCAGC
hsa-miR-152-3p,UCAGUGCAUGACAGAACUUGG
hsa-miR-215-5p,AUGACCUAUGAAUUGACAGAC
hsa-miR-448,UUGCAUAUGUAGGAUGUCCCAU
hsa-miR-4782-3p,UGAUUGUCUUCAUAUCUAGAAC
hsa-miR-216a-5p,UAAUCUCAGCUGGCAACUGUGA
hsa-miR-224-5p,CAAGUCACUAGUGGUUCCGUU
hsa-miR-761,GCAGCAGGGUGAAACUGACACA
hsa-miR-204-5p,UUCCCUUUGUCAUCCUAUGCCU
hsa-miR-4725-5p,AGACCCUGCAGCCUUCCCACC
hsa-miR-378a-3p,ACUGGACUUGGAGUCAGAAGGC
hsa-miR-342-3p,UCUCACACAGAAAUCGCACCCGU
hsa-miR-424-5p,CAGCAGCAAUUCAUGUUUUGAA
hsa-miR-20a-5p,UAAAGUGCUUAUAGUGCAGGUAG
hsa-miR-301b,CAGUGCAAUGAUAUUGUCAAAGC
hsa-miR-29a-3p,UAGCACCAUCUGAAAUCGGUUA
hsa-miR-708-5p,AAGGAGCUUACAAUCUAGCUGGG
hsa-miR-328-3p,CUGGCCCUCUCUGCCCUUCCGU
hsa-miR-30b-5p,UGUAAACAUCCUACACUCAGCU
hsa-miR-101-3p,UACAGUACUGUGAUAACUGAA
hsa-miR-451a,AAACCGUUACCAUUACUGAGUU
hsa-miR-410-3p,AAUAUAACACAGAUGGCCUGU
hsa-miR-379-5p,UGGUAGACUAUGGAACGUAGG
hsa-miR-25-3p,CAUUGCACUUGUCUCGGUCUGA
hsa-let-7c-5p,UGAGGUAGUAGGUUGUAUGGUU
hsa-miR-125a-3p,ACAGGUGAGGUUCUUGGGAGCC
hsa-let-7i-5p,UGAGGUAGUAGUUUGUGCUGUU
hsa-miR-191-5p,CAACGGAAUCCCAAAAGCAGCUG
hsa-miR-96-5p,UUUGGCACUAGCACAUUUUUGCU
hsa-miR-23a-3p,AUCACAUUGCCAGGGAUUUCC
hsa-miR-17-5p,CAAAGUGCUUACAGUGCAGGUAG
hsa-miR-208a-3p,AUAAGACGAGCAAAAAGCUUGU
hsa-miR-23b-3p,AUCACAUUGCCAGGGAUUACC
hsa-miR-497-5p,CAGCAGCACACUGUGGUUUGU
hsa-miR-449b-5p,AGGCAGUGUAUUGUUAGCUGGC
hsa-miR-199a-5p,CCCAGUGUUCAGACUACCUGUUC
hsa-miR-187-3p,UCGUGUCUUGUGUUGCAGCCGG
hsa-miR-449a,UGGCAGUGUAUUGUUAGCUGGU
hsa-miR-126-3p,UCGUACCGUGAGUAAUAAUGCG
hsa-miR-299-3p,UAUGUGGGAUGGUAAACCGCUU
hsa-miR-3529-5p,AGGUAGACUGGGAUUUGUUGUU
hsa-miR-378d,ACUGGACUUGGAGUCAGAAA
hsa-miR-181a-5p,AACAUUCAACGCUGUCGGUGAGU
hsa-miR-192-5p,CUGACCUAUGAAUUGACAGCC
hsa-miR-613,AGGAAUGUUCCUUCUUUGCC
hsa-miR-18a-5p,UAAGGUGCAUCUAGUGCAGAUAG
hsa-miR-15a-5p,UAGCAGCACAUAAUGGUUUGUG
hsa-miR-520b,AAAGUGCUUCCUUUUAGAGGG
hsa-miR-183-5p,UAUGGCACUGGUAGAAUUCACU
hsa-miR-29b-3p,UAGCACCAUUUGAAAUCAGUGUU
hsa-miR-143-3p,UGAGAUGAAGCACUGUAGCUC
hsa-miR-505-3p,CGUCAACACUUGCUGGUUUCCU
hsa-miR-302c-3p,UAAGUGCUUCCAUGUUUCAGUGG
hsa-miR-4306,UGGAGAGAAAGGCAGUA
hsa-miR-363-3p,AAUUGCACGGUAUCCAUCUGUA
hsa-miR-320d,AAAAGCUGGGUUGAGAGGA
hsa-miR-4465,CUCAAGUAGUCUGACCAGGGGA
hsa-miR-30c-5p,UGUAAACAUCCUACACUCUCAGC
hsa-miR-31-5p,AGGCAAGAUGCUGGCAUAGCU
hsa-miR-193a-3p,AACUGGCCUACAAAGUCCCAGU
hsa-miR-372-3p,AAAGUGCUGCGACAUUUGAGCGU
hsa-miR-30d-5p,UGUAAACAUCCCCGACUGGAAG
hsa-miR-376a-3p,AUCAUAGAGGAAAAUCCACGU
hsa-miR-141-3p,UAACACUGUCUGGUAAAGAUGG
hsa-miR-382-5p,GAAGUUGUUCGUGGUGGAUUCG
hsa-miR-4770,UGAGAUGACACUGUAGCU
hsa-miR-4319,UCCCUGAGCAAAGCCAC
hsa-miR-3139,UAGGAGCUCAACAGAUGCCUGUU
hsa-miR-324-5p,CGCAUCCCCUAGGGCAUUGGUGU
hsa-miR-125a-5p,UCCCUGAGACCCUUUAACCUGUGA
hsa-miR-30a-5p,UGUAAACAUCCUCGACUGGAAG
hsa-miR-124-3p,UAAGGCACGCGGUGAAUGCC
hsa-miR-421,AUCAACAGACAUUAAUUGGGCGC
hsa-miR-539-5p,GGAGAAAUUAUCCUUGGUGUGU
hsa-miR-122-5p,UGGAGUGUGACAAUGGUGUUUG
hsa-miR-203a,GUGAAAUGUUUAGGACCACUAG
hsa-miR-519d-3p,CAAAGUGCCUCCCUUUAGAGUG
hsa-miR-378e,ACUGGACUUGGAGUCAGGA
hsa-miR-22-3p,AAGCUGCCAGUUGAAGAACUGU
hsa-miR-139-5p,UCUACAGUGCACGUGUCUCCAGU
hsa-miR-200a-3p,UAACACUGUCUGGUAACGAUGU
hsa-miR-106b-5p,UAAAGUGCUGACAGUGCAGAU
hsa-let-7g-5p,UGAGGUAGUAGUUUGUACAGUU
hsa-miR-374b-5p,AUAUAAUACAACCUGCUAAGUG
hsa-let-7e-5p,UGAGGUAGGAGGUUGUAUAGUU
hsa-miR-330-5p,UCUCUGGGCCUGUGUCUUAGGC
hsa-miR-214-3p,ACAGCAGGCACAGACAGGCAGU
hsa-miR-34c-5p,AGGCAGUGUAGUUAGCUGAUUGC
hsa-let-7b-5p,UGAGGUAGUAGGUUGUGUGGUU
hsa-miR-4500,UGAGGUAGUAGUUUCUU
hsa-miR-149-5p,UCUGGCUCCGUGUCUUCACUCCC
hsa-miR-128-3p,UCACAGUGAACCGGUCUCUUU
hsa-miR-129-5p,CUUUUUGCGGUCUGGGCUUGC
hsa-miR-371a-5p,ACUCAAACUGUGGGGGCACU
hsa-miR-590-3p,UAAUUUUAUGUAUAAGCUAGU
hsa-miR-374a-5p,UUAUAAUACAACCUGAUAAGUG
hsa-miR-4262,GACAUUCAGACUACCUG
hsa-miR-150-5p,UCUCCCAACCCUUGUACCAGUG
hsa-miR-26a-5p,UUCAAGUAAUCCAGGAUAGGCU
hsa-miR-146b-5p,UGAGAACUGAAUUCCAUAGGCU
hsa-miR-520e,AAAGUGCUUCCUUUUUGAGGG
hsa-miR-377-3p,AUCACACAAAGGCAACUUUUGU
hsa-miR-320a,AAAAGCUGGGUUGAGAGGGCGA
hsa-miR-145-5p,GUCCAGUUUUCCCAGGAAUCCCU
hsa-let-7f-5p,UGAGGUAGUAGAUUGUAUAGUU
hsa-miR-28-5p,AAGGAGCUCACAGUCUAUUGAG
hsa-miR-219a-5p,UGAUUGUCCAAACGCAAUUCU
hsa-miR-520a-3p,AAAGUGCUUCCCUUUGGACUGU
hsa-miR-367-3p,AAUUGCACUUUAGCAAUGGUGA
hsa-miR-4735-3p,AAAGGUGCUCAAAUUAGACAU
hsa-miR-378b,ACUGGACUUGGAGGCAGAA
hsa-miR-494-3p,UGAAACAUACACGGGAAACCUC
hsa-miR-3118,UGUGACUGCAUUAUGAAAAUUCU
hsa-miR-211-5p,UUCCCUUUGUCAUCCUUCGCCU
hsa-miR-320b,AAAAGCUGGGUUGAGAGGGCAA
hsa-miR-23c,AUCACAUUGCCAGUGAUUACCC
hsa-miR-21-5p,UAGCUUAUCAGACUGAUGUUGA
hsa-miR-300,UAUACAAGGGCAGACUCUCUCU
hsa-miR-136-5p,ACUCCAUUUGUUUUGAUGAUGGA
hsa-miR-302d-3p,UAAGUGCUUCCAUGUUUGAGUGU
hsa-miR-376c-3p,AACAUAGAGGAAAUUCCACGU
hsa-miR-218-5p,UUGUGCUUGAUCUAACCAUGU
hsa-miR-200c-3p,UAAUACUGCCGGGUAAUGAUGGA
hsa-let-7a-5p,UGAGGUAGUAGGUUGUAUAGUU
hsa-miR-199b-5p,CCCAGUGUUUAGACUAUCUGUUC
hsa-miR-19b-3p,UGUGCAAAUCCAUGCAAAACUGA
hsa-miR-373-3p,GAAGUGCUUCGAUUUUGGGGUGU
hsa-miR-338-3p,UCCAGCAUCAGUGAUUUUGUUG
hsa-miR-200b-3p,UAAUACUGCCUGGUAAUGAUGA
hsa-miR-329-3p,AACACACCUGGUUAACCUCUUU
hsa-miR-20b-5p,CAAAGUGCUCAUAGUGCAGGUAG
hsa-miR-4295,CAGUGCAAUGUUUUCCUU
hsa-miR-137,UUAUUGCUUAAGAAUACGCGUAG
hsa-miR-10a-5p,UACCCUGUAGAUCCGAAUUUGUG
hsa-miR-454-3p,UAGUGCAAUAUUGCUUAUAGGGU
hsa-miR-1297,UUCAAGUAAUUCAGGUG
hsa-miR-504-5p,AGACCCUGGUCUGCACUCUAUC
hsa-miR-383-5p,AGAUCAGAAGGUGAUUGUGGCU
hsa-miR-182-5p,UUUGGCAAUGGUAGAACUCACACU
hsa-miR-302a-3p,UAAGUGCUUCCAUGUUUUGGUGA
hsa-miR-186-5p,CAAAGAAUUCUCCUUUUGGGCU
hsa-miR-496,UGAGUAUUACAUGGCCAAUCUC
hsa-miR-107,AGCAGCAUUGUACAGGGCUAUCA
hsa-miR-130a-3p,CAGUGCAAUGUUAAAAGGGCAU
hsa-miR-378c,ACUGGACUUGGAGUCAGAAGAGUGG
hsa-miR-503-5p,UAGCAGCGGGAACAGUUCUGCAG
hsa-miR-208b-3p,AUAAGACGAACAAAAGGUUUGU
hsa-miR-26b-5p,UUCAAGUAAUUCAGGAUAGGU
hsa-miR-16-5p,UAGCAGCACGUAAAUAUUGGCG
hsa-miR-320c,AAAAGCUGGGUUGAGAGGGU
hsa-miR-422a,ACUGGACUUAGGGUCAGAAGGC
hsa-miR-206,UGGAAUGUAAGGAAGUGUGUGG
hsa-miR-142-3p,UGUAGUGUUUCCUACUUUAUGGA
hsa-miR-93-5p,CAAAGUGCUGUUCGUGCAGGUAG
hsa-miR-455-5p,UAUGUGCCUUUGGACUACAUCG
hsa-miR-185-5p,UGGAGAGAAAGGCAGUUCCUGA
hsa-miR-429,UAAUACUGUCUGGUAAAACCGU
hsa-miR-205-5p,UCCUUCAUUCCACCGGAGUCUG
hsa-miR-140-5p,CAGUGGUUUUACCCUAUGGUAG
hsa-miR-485-5p,AGAGGCUGGCCGUGAUGAAUUC
hsa-miR-135b-5p,UAUGGCUUUUCAUUCCUAUGUGA
hsa-miR-15b-5p,UAGCAGCACAUCAUGGUUUACA
hsa-miR-24-3p,UGGCUCAGUUCAGCAGGAACAG
hsa-miR-34a-5p,UGGCAGUGUCUUAGCUGGUUGU
hsa-miR-495-3p,AAACAAACAUGGUGCACUUCUU
hsa-miR-378h,ACUGGACUUGGUGUCAGAUGG
hsa-miR-181d-5p,AACAUUCAUUGUUGUCGGUGGGU
hsa-miR-194-5p,UGUAACAGCAACUCCAUGUGGA
hsa-miR-491-5p,AGUGGGGAACCCUUCCAUGAGG
hsa-miR-193b-3p,AACUGGCCCUCAAAGUCCCGCU
hsa-miR-1,UGGAAUGUAAAGAAGUAUGUAU
hsa-miR-433-3p,AUCAUGAUGGGCUCCUCGGUGU
hsa-miR-190b,UGAUAUGUUUGAUAUUGGGUU
hsa-miR-19a-3p,UGUGCAAAUCUAUGCAAAACUGA
hsa-miR-874-3p,CUGCCCUGGCCCGAGGGACCGA
hsa-miR-135a-5p,UAUGGCUUUUUAUUCCUAUGUGA
hsa-miR-425-5p,AAUGACACGAUCACUCCCGUUGA
hsa-miR-216b-5p,AAAUCUCUGCAGGCAAAUGUGA
hsa-miR-217,UACUGCAUCAGGAACUGAUUGGA
hsa-miR-4429,AAAAGCUGGGCUGAGAGGCG
hsa-miR-302e,UAAGUGCUUCCAUGCUU
hsa-miR-335-5p,UCAAGAGCAAUAACGAAAAAUGU
hsa-miR-125b-5p,UCCCUGAGACCCUAACUUGUGA
hsa-miR-499a-5p,UUAAGACUUGCAGUGAUGUUU
hsa-miR-98-5p,UGAGGUAGUAAGUUGUAUUGUU
hsa-miR-144-3p,UACAGUAUAGAUGAUGUACU
hsa-miR-590-5p,GAGCUUAUUCAUAAAAGUGCAG
hsa-miR-490-3p,CAACCUGGAGGACUCCAUGCUG
hsa-miR-195-5p,UAGCAGCACAGAAAUAUUGGC
hsa-miR-361-5p,UUAUCAGAAUCUCCAGGGGUAC
hsa-miR-296-3p,GAGGGUUGGGUGGAGGCUCUCC
hsa-miR-130b-3p,CAGUGCAAUGAUGAAAGGGCAU
hsa-miR-381-3p,UAUACAAGGGCAAGCUCUCUGU
hsa-miR-18b-5p,UAAGGUGCAUCUAGUGCAGUUAG
hsa-miR-190a-5p,UGAUAUGUUUGAUAUAUUAGGU
hsa-miR-7-5p,UGGAAGACUAGUGAUUUUGUUGU
hsa-miR-520d-3p,AAAGUGCUUCUCUUUGGUGGGU
hsa-miR-378i,ACUGGACUAGGAGUCAGAAGG
hsa-miR-4644,UGGAGAGAGAAAAGAGACAGAAG
hsa-miR-210-3p,CUGUGCGUGUGACAGCGGCUGA
hsa-miR-340-5p,UUAUAAAGCAAUGAGACUGAUU
hsa-miR-29c-3p,UAGCACCAUUUGAAAUCGGUUA
hsa-miR-10b-5p,UACCCUGUAGAACCGAAUUUGUG
hsa-miR-486-5p,UCCUGUACUGAGCUGCCCCGAG
hsa-miR-9-5p,UCUUUGGUUAUCUAGCUGUAUGA
hsa-miR-520c-3p,AAAGUGCUUCCUUUUAGAGGGU
hsa-miR-384,AUUCCUAGAAAUUGUUCAUA
hsa-miR-196a-5p,UAGGUAGUUUCAUGUUGUUGGG
hsa-miR-376b-3p,AUCAUAGAGGAAAAUCCAUGUU
hsa-miR-134-5p,UGUGACUGGUUGACCAGAGGGG
hsa-miR-132-3p,UAACAGUCUACAGCCAUGGUCG
hsa-miR-411-5p,UAGUAGACCGUAUAGCGUACG
hsa-miR-4458,AGAGGUAGGUGUGGAAGAA
hsa-miR-181c-5p,AACAUUCAACCUGUCGGUGAGU
hsa-miR-758-3p,UUUGUGACCUGGUCCACUAACC
hsa-miR-27a-3p,UUCACAGUGGCUAAGUUCCGC
hsa-miR-153-3p,UUGCAUAGUCACAAAAGUGAUC
hsa-miR-222-3p,AGCUACAUCUGGCUACUGGGU
hsa-miR-365a-3p,UAAUGCCCCUAAAAAUCCUUAU
