mirna,mirna_seq,ID,Sequence
hsv1-miR-H1-5p,GAUGGAAGGACGGGAAGUGGA,hsv1-mir-H1,CGAGGGGAACGGGGGAUGGAAGGACGGGAAGUGGAAGUCCUGAUACCCAUCCUACACCCCCCUGCCUUCCACCCUCCGGCCCCCCG
hsv1-miR-H2-5p,UCGCACGCGCCCGGCACAGACU,hsv1-mir-H2,GCCACCGUCGCACGCGCCCGGCACAGACUCUGUUCUUGGUUCGCGGCCUGAGCCAGGGACGAGUGCGACUGGGGC
hsv1-miR-H2-3p,CCUGAGCCAGGGACGAGUGCGACU,hsv1-mir-H2,GCCACCGUCGCACGCGCCCGGCACAGACUCUGUUCUUGGUUCGCGGCCUGAGCCAGGGACGAGUGCGACUGGGGC
hsv1-miR-H3-3p,CUGGGACUGUGCGGUUGGGAC,hsv1-mir-H3,CCGCGGGCGCGCUCCUGACCGCGGGUUCCGAGUUGGGCGUGGAGGUUACCUGGGACUGUGCGGUUGGGACGGCGCCCGUGG
hsv1-miR-H4-5p,GGUAGAGUUUGACAGGCAAGCA,hsv1-mir-H4,GCCGGGGUGGUAGAGUUUGACAGGCAAGCAUGUGCGUGCAGAGGCGAGUAGUGCUUGCCUGUCUAACUCGCUAGUCUCGGC
hsv1-miR-H4-3p,CUUGCCUGUCUAACUCGCUAGU,hsv1-mir-H4,GCCGGGGUGGUAGAGUUUGACAGGCAAGCAUGUGCGUGCAGAGGCGAGUAGUGCUUGCCUGUCUAACUCGCUAGUCUCGGC
hsv1-miR-H5-3p,GUCAGAGAUCCAAACCCUCCGG,hsv1-mir-H5,GCGCUCCCUCGGGGGGGUUCGGGCAUCUCUACCUCAGUGCCGCCAAUCUCAGGUCAGAGAUCCAAACCCUCCGGGGGCGC
hsv1-miR-H6-3p,CACUUCCCGUCCUUCCAUCCC,hsv1-mir-H6,CGGGGGGCCGGAGGGUGGAAGGCAGGGGGGUGUAGGAUGGGUAUCAGGACUUCCACUUCCCGUCCUUCCAUCCCCCGUUCCCCUCG
hsv1-miR-H7-5p,AAAGGGGUCUGCAACCAAAGG,hsv1-mir-H7,GAAGAGGGGGGAGAAAGGGGUCUGCAACCAAAGGUGGUCUGGGUCCGUCCUUUGGAUCCCGACCCCUCUUCUUCCCUCUUCUC
hsv1-miR-H7-3p,UUUGGAUCCCGACCCCUCUUC,hsv1-mir-H7,GAAGAGGGGGGAGAAAGGGGUCUGCAACCAAAGGUGGUCUGGGUCCGUCCUUUGGAUCCCGACCCCUCUUCUUCCCUCUUCUC
hsv1-miR-H8-5p,UAUAUAGGGUCAGGGGGUUC,hsv1-mir-H8,GUCCCUGUAUAUAUAGGGUCAGGGGGUUCCGCACCCCCUAACAUGGCGCCCCCGGUCCCUGUAUAUAUAGUUGUC
hsv1-miR-H8-3p,GCCCCCGGUCCCUGUAUAUA,hsv1-mir-H8,GUCCCUGUAUAUAUAGGGUCAGGGGGUUCCGCACCCCCUAACAUGGCGCCCCCGGUCCCUGUAUAUAUAGUUGUC
hsv1-miR-H11,UUAGGACAAAGUGCGAACGC,hsv1-mir-H11,GGGCGUGGCCGCUAUUAUAAAAAAAGUGAGAACGCGAAGCGUUCGCACUUUGUCCUAAUAAUAUAUAUAUUAUUAGGACAAAGUGCGAACGCUUCGCGUUCUCACUUUUUUUAUAAUAGCGGCCACGCCC
hsv1-miR-H12,UUGGGACGAAGUGCGAACGCUU,hsv1-mir-H12,GGAGUCGGGCACGGCGCCAGUGCUCGCACUUCGCCCUAAUAAUAUAUAUAUAUUGGGACGAAGUGCGAACGCUUCGCGUUCUCACUUC
hsv1-miR-H13,UUAGGGCGAAGUGCGAGCACUGG,hsv1-mir-H13,GCGAAGCGUUCGCACUUCGUCCCAAUAUAUAUAUAUUAUUAGGGCGAAGUGCGAGCACUGGCGC
hsv1-miR-H14-5p,AGUCGCACUCGUCCCUGGCUCAGG,hsv1-mir-H14,GCCGUGUGCCCCAGUCGCACUCGUCCCUGGCUCAGGCCGCGAACCAAGAACAGAGUCUGUGCCGGGCGCGUGCGACGGUGGCGCGCGGC
hsv1-miR-H14-3p,UCUGUGCCGGGCGCGUGCGAC,hsv1-mir-H14,GCCGUGUGCCCCAGUCGCACUCGUCCCUGGCUCAGGCCGCGAACCAAGAACAGAGUCUGUGCCGGGCGCGUGCGACGGUGGCGCGCGGC
hsv1-miR-H15,GGCCCCGGGCCGGGCCGCCACG,hsv1-mir-H15,ACCACAGCGCAUGCGCCGGGCCGUUGUGGGGCCCCGGGCCGGGGCCCCUUGGGUCCGCCGGGGCCCCGGGCCGGGCCGCCACGGGGGCCGGCCGUUGGCGGU
hsv1-miR-H16,CCAGGAGGCUGGGAUCGAAGGC,hsv1-mir-H16,GCGCAGAGAGCCUCGUUAAGAGCCAGGAGGCUGGGAUCGAAGGCCACAUACGCGCGCUCGAACGCCCCCGCCUUCCAGCUGCUGCCGGGGGACUCUUCGC
hsv1-miR-H17,UGGCGCUGGGGCGCGAGGCGG,hsv1-mir-H17,GGCCCACUCGCACGCCGCCUGCGCGCGCUGGGGCCUGGGCGCGCCGCUGCGGCCCGUGUACGUGGCGCUGGGGCGCGAGGCGGUGCGCGCCGGCC
hsv1-miR-H18,CCCGCCCGCCGGACGCCGGGACC,hsv1-mir-H18,CGGUCCCGCCCGCCGGACGCCGGGACCAACGGGACGGCGGGCGGCCCAAGGGCCGCCCGCCUUGCCGCCCCCCCAUUGGCCGGCGGGCGGGACCG
hsv1-miR-H1-3p,UACACCCCCCUGCCUUCCACCCU,hsv1-mir-H1,CGAGGGGAACGGGGGAUGGAAGGACGGGAAGUGGAAGUCCUGAUACCCAUCCUACACCCCCCUGCCUUCCACCCUCCGGCCCCCCG
hsv1-miR-H3-5p,CUCCUGACCGCGGGUUCCGAGU,hsv1-mir-H3,CCGCGGGCGCGCUCCUGACCGCGGGUUCCGAGUUGGGCGUGGAGGUUACCUGGGACUGUGCGGUUGGGACGGCGCCCGUGG
hsv1-miR-H5-5p,GGGGGGGUUCGGGCAUCUCUAC,hsv1-mir-H5,GCGCUCCCUCGGGGGGGUUCGGGCAUCUCUACCUCAGUGCCGCCAAUCUCAGGUCAGAGAUCCAAACCCUCCGGGGGCGC
hsv1-miR-H6-5p,GGUGGAAGGCAGGGGGGUGUA,hsv1-mir-H6,CGGGGGGCCGGAGGGUGGAAGGCAGGGGGGUGUAGGAUGGGUAUCAGGACUUCCACUUCCCGUCCUUCCAUCCCCCGUUCCCCUCG
hsv1-miR-H26,UGGCUCGGUGAGCGACGGUC,hsv1-mir-H26,UCAGGCUAGCGCGGCGGGCCUGCCGUAGUUUCUGGCUCGGUGAGCGACGGUCCGGUUGCUUGG
hsv2-miR-H3,UUUGGGAGUCUGCGGUUGGGAG,hsv2-mir-H3,AGCGAGGACGCGGCCGGCGCGCUCUCGACCGCGGUUCCCGAGUCGUACGCAGGGACCAUUUGGGAGUCUGCGGUUGGGAGCGCGCCGGGGCGCGGCACGGCU
hsv2-miR-H4-5p,GAGUUCACUCGGCACGCAUGC,hsv2-mir-H4,GGGGCGGGAGAGUUCACUCGGCACGCAUGCACGUGUAACCGCCAGUCCGUGCUUGCCUAGCGAACUCACCCGUCCC
hsv2-miR-H4-3p,CCGUGCUUGCCUAGCGAACUC,hsv2-mir-H4,GGGGCGGGAGAGUUCACUCGGCACGCAUGCACGUGUAACCGCCAGUCCGUGCUUGCCUAGCGAACUCACCCGUCCC
hsv2-miR-H2,UCUGAGCCUGGGUCAUGCGCGA,hsv2-mir-H2,UCGGUCGCGCCUGCCCGGCCCAGACUCUGUGCUUGGGUGUCGGUCUGAGCCUGGGUCAUGCGCGACCGG
hsv2-miR-H7-5p,AAAGGGGUCCGUAACCAAAGG,hsv2-mir-H7,GGGGAGAAAGGGGUCCGUAACCAAAGGUGGUCUGCGUCCUUUGGAUUCCGACCCCUCGUCUCCCC
hsv2-miR-H9-3p,UUCCCACCUCGGUCUCCUCCUC,hsv2-mir-H9,CUCGGAGGUGGAGUCGCGGUGAAGGUCGUCGUCAGAGAUUCCCACCUCGGUCUCCUCCUCCGAG
hsv2-miR-H10,GGGUGCGGGGGUGGGCGG,hsv2-miR-H10,UUUCCCCCCCUACAACAGUGUUGUCCGUUGGUUGGGUGGUUGGGGUGCGGGGGUGGGCGGGGGAAG
hsv2-miR-H11-3p,UUAGGACAAAGUGCGAACGCUU,hsv2-mir-H11,UCGGCAGGGGGCGUGGCCGCCCUUCUAAAAAAAGUGAGAACGCGAAGCGUUCGCACUUUGUCCUAAUAAUAUAUAUACUAUUAGGACAAAGUGCGAACGCUUCGCGUUCUCACUUUUUUUAGAAGGGCGGCCACGCCCCCUUUGA
hsv2-miR-H12,UUAGGACGAAGUGCGAACGCUU,hsv2-mir-H12,GGGCGCCAGUGCUCGCACUUUGCCCUAAUAAUAUAUAUACUAUUAGGACGAAGUGCGAACGCUUCGCGUUC
hsv2-miR-H13,UUAGGGCAAAGUGCGAGCACUG,hsv2-mir-H13,CGCGAAGCGUUCGCACUUCGUCCUAAUAGUAUAUAUAUUAUUAGGGCAAAGUGCGAGCACUGGCG
hsv2-miR-H20,UUUGGUUACGGACCCCUUUCU,hsv2-mir-H20,GGACAGGGGGGGAGACGAGGGGUCGGAAUCCAAAGGACGCAGACCACCUUUGGUUACGGACCCCUUUCUCCCCCCCUUCC
hsv2-miR-H22,AGGGGUCUGGACGUGGGUGGGC,hsv2-mir-H22,CCCCAGGGGUCUGGACGUGGGUGGGCGCGGGGAGCGCGGGGACGACCGGGCCCGAGCCUUCUCCGUCCCCCCUGGGG
hsv2-miR-H23-5p,AGGCCGUGGAGCUUGCCAGC,hsv2-mir-H23,CGUCCGACGGAGAGGCCGUGGAGCUUGCCAGCGAGACGCUCAUGAAACGCGAGUUGACGAGCUUCGCGGUACUACUCCCCCAGGGCG
hsv2-miR-H23-3p,ACGAGCUUCGCGGUACUACUC,hsv2-mir-H23,CGUCCGACGGAGAGGCCGUGGAGCUUGCCAGCGAGACGCUCAUGAAACGCGAGUUGACGAGCUUCGCGGUACUACUCCCCCAGGGCG
hsv2-miR-H24,CUCCGGCGCCUUCCCCCCGCCCU,hsv2-mir-H24,GCGGCGGCGGGGGGCAGGCGGCGGCAGGCGCGGCGUGCGGGGCCUCCGGCGCCUUCCCCCCGCCCUCGC
hsv2-miR-H25,CUGCGCGGCGGAGACCGGGAC,hsv2-mir-H25,GCCGGCGUCCCGGUCGCCGCCGCACCAGGGGCACACCGGCUGCGCGGCGGAGACCGGGACGGCAGCGGC
hsv2-miR-H7-3p,UUUGGAUUCCGACCCCUCGUC,hsv2-mir-H7,GGGGAGAAAGGGGUCCGUAACCAAAGGUGGUCUGCGUCCUUUGGAUUCCGACCCCUCGUCUCCCC
hsv2-miR-H9-5p,CUCGGAGGUGGAGUCGCGGU,hsv2-mir-H9,CUCGGAGGUGGAGUCGCGGUGAAGGUCGUCGUCAGAGAUUCCCACCUCGGUCUCCUCCUCCGAG
hsv2-miR-H5,GGGGGGGCUCGGGCCACCUGACC,hsv2-mir-H5,CUCCCGCUCCUGCGGGGGGGCUCGGGCCACCUGACCUUCGUAACCUGCACUCAGGUCAGAGCCCCAGACCCCCCGCGGGCGCGGGAG
hsv2-miR-H6-5p,AAUGGAAGGCGAGGGGAUGC,hsv2-mir-H6,GGCGUCGGGACUCGCGGAGGGCCGGAGAAUGGAAGGCGAGGGGAUGCAGGAGGAGGAUCGGGACUCCCCAUCUUCUGCCCUUCCAUCCUCCGUUUUUCCGCUUUCCACCGCC
hsv2-miR-H6-3p,CCCAUCUUCUGCCCUUCCAUCCU,hsv2-mir-H6,GGCGUCGGGACUCGCGGAGGGCCGGAGAAUGGAAGGCGAGGGGAUGCAGGAGGAGGAUCGGGACUCCCCAUCUUCUGCCCUUCCAUCCUCCGUUUUUCCGCUUUCCACCGCC
hcmv-miR-UL22A-5p,UAACUAGCCUUCCCGUGAGA,hcmv-mir-UL22A,CCUGUCUAACUAGCCUUCCCGUGAGAGUUUAUGAACAUGUAUCUCACCAGAAUGCUAGUUUGUAGAGG
hcmv-miR-UL22A-3p,UCACCAGAAUGCUAGUUUGUAG,hcmv-mir-UL22A,CCUGUCUAACUAGCCUUCCCGUGAGAGUUUAUGAACAUGUAUCUCACCAGAAUGCUAGUUUGUAGAGG
hcmv-miR-UL112-3p,AAGUGACGGUGAGAUCCAGGCU,hcmv-mir-UL112,GACAGCCUCCGGAUCACAUGGUUACUCAGCGUCUGCCAGCCUAAGUGACGGUGAGAUCCAGGCUGUC
hcmv-miR-UL148D,UCGUCCUCCCCUUCUUCACCG,hcmv-mir-UL148D,AGCAGGUGAGGUUGGGGCGGACAACGUGUUGCGGAUUGUGGCGAGAACGUCGUCCUCCCCUUCUUCACCGCC
hcmv-miR-US5-1,UGACAAGCCUGACGAGAGCGU,hcmv-mir-US5-1,UGAACGCUUUCGUCGUGUUUUUCAUGCAGCUUUUACAGACCAUGACAAGCCUGACGAGAGCGUUCA
hcmv-miR-US5-2-3p,UAUGAUAGGUGUGACGAUGUCU,hcmv-mir-US5-2,GGAGGCUUUCGCCACACCUAUCCUGAAAGCGUUGCAUUCUUUAUGAUAGGUGUGACGAUGUCUUU
hcmv-miR-US25-1-5p,AACCGCUCAGUGGCUCGGACC,hcmv-mir-US25-1,UGUGAACCGCUCAGUGGCUCGGACCGCCGGCUGUUUCUGCGCACCGGUCCGAACGCUAGGUCGGUUCUCA
hcmv-miR-US25-2-5p,AGCGGUCUGUUCAGGUGGAUGA,hcmv-mir-US25-2,CGGUUAGCGGUCUGUUCAGGUGGAUGAGGGCUCUUCACGGUCGGGCACUCGGCUGUGCCUGUCAUCCACUUGGAGAGCUCCCGCGGUCCG
hcmv-miR-US25-2-3p,AUCCACUUGGAGAGCUCCCGCGGU,hcmv-mir-US25-2,CGGUUAGCGGUCUGUUCAGGUGGAUGAGGGCUCUUCACGGUCGGGCACUCGGCUGUGCCUGUCAUCCACUUGGAGAGCUCCCGCGGUCCG
hcmv-miR-US33-5p,GAUUGUGCCCGGACCGUGGGCG,hcmv-mir-US33,CACGGUUGAUUGUGCCCGGACCGUGGGCGCGACGAAACCCACCGUCACGGUCCGAGCACAUCCAAACGUG
hcmv-miR-US4-5p,UGGACGUGCAGGGGGAUGUCUG,hcmv-mir-US4,CGUGUCGCGACAUGGACGUGCAGGGGGAUGUCUGUCGCGAUAGAGUUGAUGUGACAGCCCGCUACACCUCUCUGUCGCGACAUG
hcmv-miR-UL70-5p,UGCGUCUCGGCCUCGUCCAGA,hcmv-mir-UL70,GGUUGCGUCUCGGCCUCGUCCAGACUGGCGAUGAGCGCCGAGAGGGGGAUGGGCUGGCGCGCGGCC
hcmv-miR-UL70-3p,GGGGAUGGGCUGGCGCGCGG,hcmv-mir-UL70,GGUUGCGUCUCGGCCUCGUCCAGACUGGCGAUGAGCGCCGAGAGGGGGAUGGGCUGGCGCGCGGCC
hcmv-miR-UL36-3p,UUUCCAGGUGUUUUCAACGUGC,hcmv-mir-UL36,CCACGUCGUUGAAGACACCUGGAAAGAGGACGUUCGCUCGGGCACGUUCUUUCCAGGUGUUUUCAACGUGCGUGG
hcmv-miR-US33-3p,UCACGGUCCGAGCACAUCCAA,hcmv-mir-US33,CACGGUUGAUUGUGCCCGGACCGUGGGCGCGACGAAACCCACCGUCACGGUCCGAGCACAUCCAAACGUG
hcmv-miR-UL112-5p,CCUCCGGAUCACAUGGUUACUCA,hcmv-mir-UL112,GACAGCCUCCGGAUCACAUGGUUACUCAGCGUCUGCCAGCCUAAGUGACGGUGAGAUCCAGGCUGUC
hcmv-miR-US5-2-5p,CUUUCGCCACACCUAUCCUGAAAG,hcmv-mir-US5-2,GGAGGCUUUCGCCACACCUAUCCUGAAAGCGUUGCAUUCUUUAUGAUAGGUGUGACGAUGUCUUU
hcmv-miR-US4-3p,UGACAGCCCGCUACACCUCU,hcmv-mir-US4,CGUGUCGCGACAUGGACGUGCAGGGGGAUGUCUGUCGCGAUAGAGUUGAUGUGACAGCCCGCUACACCUCUCUGUCGCGACAUG
hcmv-miR-US22-5p,UGUUUCAGCGUGUGUCCGCGGG,hcmv-mir-US22,GGGGACCUGUUUCAGCGUGUGUCCGCGGGCGUGCAUGGCUUUUGCUCGCCGGCCGCGCUGUAACCAGGCCUC
hcmv-miR-US22-3p,UCGCCGGCCGCGCUGUAACCAGG,hcmv-mir-US22,GGGGACCUGUUUCAGCGUGUGUCCGCGGGCGUGCAUGGCUUUUGCUCGCCGGCCGCGCUGUAACCAGGCCUC
hcmv-miR-US29-5p,UGGAUGUGCUCGGACCGUGACG,hcmv-mir-US29,UCACGUUUGGAUGUGCUCGGACCGUGACGGUGGGUUUCGUCGCGCCCACGGUCCGGGCACAAUCAACCGUGG
hcmv-miR-US29-3p,CCCACGGUCCGGGCACAAUCA,hcmv-mir-US29,UCACGUUUGGAUGUGCUCGGACCGUGACGGUGGGUUUCGUCGCGCCCACGGUCCGGGCACAAUCAACCGUGG
hcmv-miR-UL59,GUUCUCUCGCUCGUCAUGCCGU,hcmv-mir-UL59,CGACGGUUCUCUCGCUCGUCAUGCCGUUCUGAGCUCCGACAUGGCGGACGAGAGAAAAUGGCGUCG
hcmv-miR-UL69,CCAGAGGCUAAGCCGAAACCG,hcmv-mir-UL69,AGGCCAGAGGCUAAGCCGAAACCGUCCGGGGAAGCGGGCGCGAGUUUUCCGACUUAGCCUUUGGUGC
ebv-miR-BHRF1-1,UAACCUGAUCAGCCCCGGAGUU,ebv-mir-BHRF1-1,UAUUAACCUGAUCAGCCCCGGAGUUGCCUGUUUCAUCACUAACCCCGGGCCUGAAGAGGUUGACAA
ebv-miR-BHRF1-2-5p,AAAUUCUGUUGCAGCAGAUAGC,ebv-mir-BHRF1-2,CUUUUAAAUUCUGUUGCAGCAGAUAGCUGAUACCCAAUGUUAUCUUUUGCGGCAGAAAUUGAAAG
ebv-miR-BHRF1-2-3p,UAUCUUUUGCGGCAGAAAUUGA,ebv-mir-BHRF1-2,CUUUUAAAUUCUGUUGCAGCAGAUAGCUGAUACCCAAUGUUAUCUUUUGCGGCAGAAAUUGAAAG
ebv-miR-BHRF1-3,UAACGGGAAGUGUGUAAGCACA,ebv-mir-BHRF1-3,UCUAACGGGAAGUGUGUAAGCACACACGUAAUUUGCAAGCGGUGCUUCACGCUCUUCGUUAAAAU
ebv-miR-BART1-5p,UCUUAGUGGAAGUGACGUGCUGUG,ebv-mir-BART1,GGGGGUCUUAGUGGAAGUGACGUGCUGUGAAUACAGGUCCAUAGCACCGCUAUCCACUAUGUCUCGCCCG
ebv-miR-BART2-5p,UAUUUUCUGCAUUCGCCCUUGC,ebv-mir-BART2,ACUAUUUUCUGCAUUCGCCCUUGCGUGUCCAUUGUUGCAAGGAGCGAUUUGGAGAAAAUAAA
ebv-miR-BART1-3p,UAGCACCGCUAUCCACUAUGUC,ebv-mir-BART1,GGGGGUCUUAGUGGAAGUGACGUGCUGUGAAUACAGGUCCAUAGCACCGCUAUCCACUAUGUCUCGCCCG
ebv-miR-BART3-5p,ACCUAGUGUUAGUGUUGUGCU,ebv-mir-BART3,CCUUUGGUGGAACCUAGUGUUAGUGUUGUGCUGUAAAUAAGUGUCCAGCGCACCACUAGUCACCAGGUGUCACCGGAGG
ebv-miR-BART3-3p,CGCACCACUAGUCACCAGGUGU,ebv-mir-BART3,CCUUUGGUGGAACCUAGUGUUAGUGUUGUGCUGUAAAUAAGUGUCCAGCGCACCACUAGUCACCAGGUGUCACCGGAGG
ebv-miR-BART4-5p,GACCUGAUGCUGCUGGUGUGCU,ebv-mir-BART4,UUUGGUGGGACCUGAUGCUGCUGGUGUGCUGUAAAUAAGUGCCUAGCACAUCACGUAGGCACCAGGUGUCACCAGG
ebv-miR-BART5-5p,CAAGGUGAAUAUAGCUGCCCAUCG,ebv-mir-BART5,GCUCUGUGGCACCUCAAGGUGAAUAUAGCUGCCCAUCGACGUAUCGCUGGAAACCGGUGGGCCGCUGUUCACCUAAAGUGACGCAAGGU
ebv-miR-BART6-5p,UAAGGUUGGUCCAAUCCAUAGG,ebv-mir-BART6,UGACCUUGUUGGUACUUUAAGGUUGGUCCAAUCCAUAGGCUUUUUUUGUGAAAACCCGGGGAUCGGACUAGCCUUAGAGUAACUCAAGGCCA
ebv-miR-BART6-3p,CGGGGAUCGGACUAGCCUUAGA,ebv-mir-BART6,UGACCUUGUUGGUACUUUAAGGUUGGUCCAAUCCAUAGGCUUUUUUUGUGAAAACCCGGGGAUCGGACUAGCCUUAGAGUAACUCAAGGCCA
ebv-miR-BART7-3p,CAUCAUAGUCCAGUGUCCAGGG,ebv-mir-BART7,UCCAGUGUCCUGAUCCUGGACCUUGACUAUGAAACAAUUCUAAAAAAAUGCAUCAUAGUCCAGUGUCCAGGGACAGUGCACUCGGA
ebv-miR-BART8-5p,UACGGUUUCCUAGAUUGUACAG,ebv-mir-BART8,UGGGUUCACUGAUUACGGUUUCCUAGAUUGUACAGAUGAACUAGAACUGUCACAAUCUAUGGGGUCGUAGACAGUGUGCUUA
ebv-miR-BART8-3p,GUCACAAUCUAUGGGGUCGUAGA,ebv-mir-BART8,UGGGUUCACUGAUUACGGUUUCCUAGAUUGUACAGAUGAACUAGAACUGUCACAAUCUAUGGGGUCGUAGACAGUGUGCUUA
ebv-miR-BART9-3p,UAACACUUCAUGGGUCCCGUAGU,ebv-mir-BART9,CAGCUGUUGUUUGUACUGGACCCUGAAUUGGAAACAGUAACUUGGAUUCUGUAACACUUCAUGGGUCCCGUAGUGACAACUAUGCUG
ebv-miR-BART10-3p,UACAUAACCAUGGAGUUGGCUGU,ebv-mir-BART10,CAGAGGAGUGUCCCGGGGCCACCUCUUUGGUUCUGUACAUAUUUUGUUAUUGUACAUAACCAUGGAGUUGGCUGUGGUGCACUCCAUCUG
ebv-miR-BART11-5p,UCAGACAGUUUGGUGCGCUAGUUG,ebv-mir-BART11,GGCUUCUGUUGGGUCAGACAGUUUGGUGCGCUAGUUGUGUGCUUAGCAGCAACGCACACCAGGCUGACUGCCUUAGCAGUGUGGCC
ebv-miR-BART11-3p,ACGCACACCAGGCUGACUGCC,ebv-mir-BART11,GGCUUCUGUUGGGUCAGACAGUUUGGUGCGCUAGUUGUGUGCUUAGCAGCAACGCACACCAGGCUGACUGCCUUAGCAGUGUGGCC
ebv-miR-BART12,UCCUGUGGUGUUUGGUGUGGUU,ebv-mir-BART12,CUGGUGACCUAACACCCGCCCAUCACCACCGGACAGAUUCUGAACUUGUCCUGUGGUGUUUGGUGUGGUUUUGGGGUACGCAG
ebv-miR-BART13-3p,UGUAACUUGCCAGGGACGGCUGA,ebv-mir-BART13,UUGGGCACCUCGAUAACCGGCUCGUGGCUCGUACAGACGAUUGUUUGGCUCUGUAACUUGCCAGGGACGGCUGACGAUGUGUUUAG
ebv-miR-BART14-5p,UACCCUACGCUGCCGAUUUACA,ebv-mir-BART14,CAGGGGUGGCCGGUACCCUACGCUGCCGAUUUACAUAAUAUAAAUUGUAAAUGCUGCAGUAGUAGGGAUCUGGACGCGCGACCUG
ebv-miR-BART14-3p,UAAAUGCUGCAGUAGUAGGGAU,ebv-mir-BART14,CAGGGGUGGCCGGUACCCUACGCUGCCGAUUUACAUAAUAUAAAUUGUAAAUGCUGCAGUAGUAGGGAUCUGGACGCGCGACCUG
ebv-miR-BART15,GUCAGUGGUUUUGUUUCCUUGA,ebv-mir-BART15,UGUGCCGCUUGGAGGGAAACAUGACCACCUGAAGUCUGUUAACCAGGUCAGUGGUUUUGUUUCCUUGAUAGAGACACA
ebv-miR-BART16,UUAGAUAGAGUGGGUGUGUGCUCU,ebv-mir-BART16,AGGCUUUCAGGUGUGGAAUUUAGAUAGAGUGGGUGUGUGCUCUUGUUUAAUUACACCAAGAUCACCACCCUCUAUCCAUAUCCCACAAUUGAUAAACCU
ebv-miR-BART17-5p,UAAGAGGACGCAGGCAUACAAG,ebv-mir-BART17,GUUGAACAGGAUGUGGCACCCUAAGAGGACGCAGGCAUACAAGGUUAUUACCCAGUCCUUGUAUGCCUGGUGUCCCCUUAGUGGGACGCAGGCCUAGGUAGC
ebv-miR-BART17-3p,UGUAUGCCUGGUGUCCCCUUAGU,ebv-mir-BART17,GUUGAACAGGAUGUGGCACCCUAAGAGGACGCAGGCAUACAAGGUUAUUACCCAGUCCUUGUAUGCCUGGUGUCCCCUUAGUGGGACGCAGGCCUAGGUAGC
ebv-miR-BART18-5p,UCAAGUUCGCACUUCCUAUACA,ebv-mir-BART18,UUGUUGCCGUUGAAAGACGGGUGUCCUGGCUCAAGUUCGCACUUCCUAUACAGUGUUAAAGCCUUGUAUCGGAAGUUUGGGCUUCGUCCCAGUGUACUCGAUAAUGUCGACUGCUGCGA
ebv-miR-BART19-3p,UUUUGUUUGCUUGGGAAUGCU,ebv-mir-BART19,GUAUCCGUGUCCUGACAACAUUCCCCGCAAACAUGACAUGGGUUAAUUUAAACAUGUUUUGUUUGCUUGGGAAUGCUCUUAGGGCCUGGAAGC
ebv-miR-BART20-5p,UAGCAGGCAUGUCUUCAUUCC,ebv-mir-BART20,UACAGGCGUAGGGCCUAUUGUAGCAGGCAUGUCUUCAUUCCUGCGUACCGAAUGGCAUGAAGGCACAGCCUGUUACCAUUGGCACCUUUUUUCCAUGUA
ebv-miR-BART20-3p,CAUGAAGGCACAGCCUGUUACC,ebv-mir-BART20,UACAGGCGUAGGGCCUAUUGUAGCAGGCAUGUCUUCAUUCCUGCGUACCGAAUGGCAUGAAGGCACAGCCUGUUACCAUUGGCACCUUUUUUCCAUGUA
ebv-miR-BART2-3p,AAGGAGCGAUUUGGAGAAAAUAAA,ebv-mir-BART2,ACUAUUUUCUGCAUUCGCCCUUGCGUGUCCAUUGUUGCAAGGAGCGAUUUGGAGAAAAUAAA
ebv-miR-BART7-5p,CCUGGACCUUGACUAUGAAACA,ebv-mir-BART7,UCCAGUGUCCUGAUCCUGGACCUUGACUAUGAAACAAUUCUAAAAAAAUGCAUCAUAGUCCAGUGUCCAGGGACAGUGCACUCGGA
ebv-miR-BART9-5p,UACUGGACCCUGAAUUGGAAAC,ebv-mir-BART9,CAGCUGUUGUUUGUACUGGACCCUGAAUUGGAAACAGUAACUUGGAUUCUGUAACACUUCAUGGGUCCCGUAGUGACAACUAUGCUG
ebv-miR-BART10-5p,GCCACCUCUUUGGUUCUGUACA,ebv-mir-BART10,CAGAGGAGUGUCCCGGGGCCACCUCUUUGGUUCUGUACAUAUUUUGUUAUUGUACAUAACCAUGGAGUUGGCUGUGGUGCACUCCAUCUG
ebv-miR-BART13-5p,AACCGGCUCGUGGCUCGUACAG,ebv-mir-BART13,UUGGGCACCUCGAUAACCGGCUCGUGGCUCGUACAGACGAUUGUUUGGCUCUGUAACUUGCCAGGGACGGCUGACGAUGUGUUUAG
ebv-miR-BART18-3p,UAUCGGAAGUUUGGGCUUCGUC,ebv-mir-BART18,UUGUUGCCGUUGAAAGACGGGUGUCCUGGCUCAAGUUCGCACUUCCUAUACAGUGUUAAAGCCUUGUAUCGGAAGUUUGGGCUUCGUCCCAGUGUACUCGAUAAUGUCGACUGCUGCGA
ebv-miR-BART19-5p,ACAUUCCCCGCAAACAUGACAUG,ebv-mir-BART19,GUAUCCGUGUCCUGACAACAUUCCCCGCAAACAUGACAUGGGUUAAUUUAAACAUGUUUUGUUUGCUUGGGAAUGCUCUUAGGGCCUGGAAGC
ebv-miR-BART4-3p,CACAUCACGUAGGCACCAGGUGU,ebv-mir-BART4,UUUGGUGGGACCUGAUGCUGCUGGUGUGCUGUAAAUAAGUGCCUAGCACAUCACGUAGGCACCAGGUGUCACCAGG
ebv-miR-BART5-3p,GUGGGCCGCUGUUCACCU,ebv-mir-BART5,GCUCUGUGGCACCUCAAGGUGAAUAUAGCUGCCCAUCGACGUAUCGCUGGAAACCGGUGGGCCGCUGUUCACCUAAAGUGACGCAAGGU
ebv-miR-BART21-5p,UCACUAGUGAAGGCAACUAAC,ebv-mir-BART21,GGGCUGGGUAUUCACUAGUGAAGGCAACUAACACAGUUAGACGUGCUAGUUGUGCCCACUGGUGUUUAUCCGGUCC
ebv-miR-BART21-3p,CUAGUUGUGCCCACUGGUGUUU,ebv-mir-BART21,GGGCUGGGUAUUCACUAGUGAAGGCAACUAACACAGUUAGACGUGCUAGUUGUGCCCACUGGUGUUUAUCCGGUCC
ebv-miR-BART22,UUACAAAGUCAUGGUCUAGUAGU,ebv-mir-BART22,GUCACAGGUGCUAGACCCUGGAGUUGAACCAGUACCACUCGGUUACAAAGUCAUGGUCUAGUAGUUGUGAC
kshv-miR-K12-10a-3p,UAGUGUUGUCCCCCCGAGUGGC,kshv-mir-K12-10a,CUGGAGGCUUGGGGCGAUACCACCACUCGUUUGUCUGUUGGCGAUUAGUGUUGUCCCCCCGAGUGGCCAG
kshv-miR-K12-10b,UGGUGUUGUCCCCCCGAGUGGC,kshv-mir-K12-10b,CUGGAGGCUUGGGGCGAUACCACCACUCGUUUGUCUGUUGGCGAUUGGUGUUGUCCCCCCGAGUGGCCAG
kshv-miR-K12-11-3p,UUAAUGCUUAGCCUGUGUCCGA,kshv-mir-K12-11,CGCUUUGGUCACAGCUUAAACAUUUCUAGGGCGGUGUUAUGAUCCUUAAUGCUUAGCCUGUGUCCGAUGCG
kshv-miR-K12-1-5p,AUUACAGGAAACUGGGUGUAAGC,kshv-mir-K12-1,CGAUUACAGGAAACUGGGUGUAAGCUGUACAUAAUCCCCGGCAGCACCUGUUUCCUGCAACCCUCGU
kshv-miR-K12-2-5p,AACUGUAGUCCGGGUCGAUCUG,kshv-miR-K12-2,GGGUCUACUUCGCUAACUGUAGUCCGGGUCGAUCUGAGCCAUUGAAGCAAGCUUCCAGAUCUUCCAGGGCUAGAGCUGCCGCGGUGACACC
kshv-miR-K12-9-5p,ACCCAGCUGCGUAAACCCCGCU,kshv-mir-K12-9,GGGUCUACCCAGCUGCGUAAACCCCGCUGCGUAAACACAGCUGGGUAUACGCAGCUGCGUAAACCC
kshv-miR-K12-9-3p,CUGGGUAUACGCAGCUGCGUAA,kshv-mir-K12-9,GGGUCUACCCAGCUGCGUAAACCCCGCUGCGUAAACACAGCUGGGUAUACGCAGCUGCGUAAACCC
kshv-miR-K12-8-3p,CUAGGCGCGACUGAGAGAGCA,kshv-mir-K12-8,CGCGCACUCCCUCACUAACGCCCCGCUUUUGUCUGUUGGAAGCAGCUAGGCGCGACUGAGAGAGCACGCG
kshv-miR-K12-7-3p,UGAUCCCAUGUUGCUGGCGC,kshv-mir-K12-7,GCGUUGAGCGCCACCGGACGGGGAUUUAUGCUGUAUCUUACUACCAUGAUCCCAUGUUGCUGGCGCUCACGG
kshv-miR-K12-6-5p,CCAGCAGCACCUAAUCCAUCGG,kshv-mir-K12-6,CUUGUCCAGCAGCACCUAAUCCAUCGGCGGUCGGGCUGAUGGUUUUCGGGCUGUUGAGCGAG
kshv-miR-K12-6-3p,UGAUGGUUUUCGGGCUGUUGAG,kshv-mir-K12-6,CUUGUCCAGCAGCACCUAAUCCAUCGGCGGUCGGGCUGAUGGUUUUCGGGCUGUUGAGCGAG
kshv-miR-K12-5-3p,UAGGAUGCCUGGAACUUGCCGGU,kshv-mir-K12-5,UGACCUAGGUAGUCCCUGGUGCCCUAAGGGUCUACAUCAAGCACUUAGGAUGCCUGGAACUUGCCGGUCA
kshv-miR-K12-4-5p,AGCUAAACCGCAGUACUCUAGG,kshv-mir-K12-4,AUAACUAGCUAAACCGCAGUACUCUAGGGCAUUCAUUUGUUACAUAGAAUACUGAGGCCUAGCUGAUUAU
kshv-miR-K12-4-3p,UAGAAUACUGAGGCCUAGCUGA,kshv-mir-K12-4,AUAACUAGCUAAACCGCAGUACUCUAGGGCAUUCAUUUGUUACAUAGAAUACUGAGGCCUAGCUGAUUAU
kshv-miR-K12-3-5p,UCACAUUCUGAGGACGGCAGCGA,kshv-mir-K12-3,GGCUAUCACAUUCUGAGGACGGCAGCGACGUGUGUCUAACGUCAACGUCGCGGUCACAGAAUGUGACACC
kshv-miR-K12-3-3p,UCGCGGUCACAGAAUGUGACA,kshv-mir-K12-3,GGCUAUCACAUUCUGAGGACGGCAGCGACGUGUGUCUAACGUCAACGUCGCGGUCACAGAAUGUGACACC
kshv-miR-K12-12-5p,AACCAGGCCACCAUUCCUCUCCG,kshv-mir-K12-12,GAUGGCCGGCACGCGGUGUCAACCAGGCCACCAUUCCUCUCCGCAUUAAAGCACUCGGUGGGGGAGGGUGCCCUGGUUGACACAAUGUGCCGCGCAUC
kshv-miR-K12-10a-5p,GGCUUGGGGCGAUACCACCACU,kshv-mir-K12-10a,CUGGAGGCUUGGGGCGAUACCACCACUCGUUUGUCUGUUGGCGAUUAGUGUUGUCCCCCCGAGUGGCCAG
kshv-miR-K12-11-5p,GGUCACAGCUUAAACAUUUCUAGG,kshv-mir-K12-11,CGCUUUGGUCACAGCUUAAACAUUUCUAGGGCGGUGUUAUGAUCCUUAAUGCUUAGCCUGUGUCCGAUGCG
kshv-miR-K12-1-3p,GCAGCACCUGUUUCCUGCAACC,kshv-mir-K12-1,CGAUUACAGGAAACUGGGUGUAAGCUGUACAUAAUCCCCGGCAGCACCUGUUUCCUGCAACCCUCGU
kshv-miR-K12-2-3p,GAUCUUCCAGGGCUAGAGCUG,kshv-miR-K12-2,GGGUCUACUUCGCUAACUGUAGUCCGGGUCGAUCUGAGCCAUUGAAGCAAGCUUCCAGAUCUUCCAGGGCUAGAGCUGCCGCGGUGACACC
kshv-miR-K12-8-5p,ACUCCCUCACUAACGCCCCGCU,kshv-mir-K12-8,CGCGCACUCCCUCACUAACGCCCCGCUUUUGUCUGUUGGAAGCAGCUAGGCGCGACUGAGAGAGCACGCG
kshv-miR-K12-7-5p,AGCGCCACCGGACGGGGAUUUAUG,kshv-mir-K12-7,GCGUUGAGCGCCACCGGACGGGGAUUUAUGCUGUAUCUUACUACCAUGAUCCCAUGUUGCUGGCGCUCACGG
kshv-miR-K12-5-5p,AGGUAGUCCCUGGUGCCCUAAGG,kshv-mir-K12-5,UGACCUAGGUAGUCCCUGGUGCCCUAAGGGUCUACAUCAAGCACUUAGGAUGCCUGGAACUUGCCGGUCA
kshv-miR-K12-12-3p,UGGGGGAGGGUGCCCUGGUUGA,kshv-mir-K12-12,GAUGGCCGGCACGCGGUGUCAACCAGGCCACCAUUCCUCUCCGCAUUAAAGCACUCGGUGGGGGAGGGUGCCCUGGUUGACACAAUGUGCCGCGCAUC
hbv-miR-B2RC,GCGGCCCCUGGGCGCGGAGAG,hbv-mir-B2RC,GCCCGCCGUCUCUCGUUCCCGGCCGUGCGGUCGAGCCGCGGCCCCUGGGCGCGGAGAGACGGGCGCGGG
hbv-miR-B4,ACGGGGCGUGGUUGGUGGGCG,hbv-mir-B4,GCCCGGCGCCCCGGGCUAUCCACGCCCCUUCGGCCCGGCCGGACGCGGGGGCGGACGGGGCGUGGUUGGUGGGCGGGGC
hbv-miR-B20-5p,GAGUGAGGGUGGCGAGCGCGU,hbv-mir-B20,CGCCGGCGGCGGCCGAGAGUGAGGGUGGCGAGCGCGUGGACGCACCUCCCGACGUGCUGGUUGCCCGCGCUCUCGGGCGCGGCCGGACG
hbv-miR-B20-3p,GUGCUGGUUGCCCGCGCUCUCG,hbv-mir-B20,CGCCGGCGGCGGCCGAGAGUGAGGGUGGCGAGCGCGUGGACGCACCUCCCGACGUGCUGGUUGCCCGCGCUCUCGGGCGCGGCCGGACG
hbv-miR-B2-3p,CGGCCGGGAACGAGAGACGGCGG,hbv-mir-B2,CGCCCGUCUCUCCGCGCCCAGGGGCCGCGGCUCGACCGCACGGCCGGGAACGAGAGACGGCGGGCG
hbv-miR-B3RC-5p,CAAUAAACCACGAACAGCCGU,hbv-mir-B3RC,CCAUCCACCCAAUAAACCACGAACAGCCGUUCAUAUUUUGGUCUCGGCUCUGCGUUUAUUGUUGGAAUCUGC
hbv-miR-B3RC-3p,CGGCUCUGCGUUUAUUGUUGGA,hbv-mir-B3RC,CCAUCCACCCAAUAAACCACGAACAGCCGUUCAUAUUUUGGUCUCGGCUCUGCGUUUAUUGUUGGAAUCUGC
hbv-miR-B7-5p,UUCUGGGCCUCGGGUUCGCUUC,hbv-mir-B7,CCCCUUCUGGGCCUCGGGUUCGCUUCCGCCCACGGCCGGCCGGGAAGCGGUGUCCGACGCCCGGAGGG
hbv-miR-B8-5p,UGUGGAGGCCUAGGGGAGCCCGG,hbv-mir-B8,CCCGGCUGUGGAGGCCUAGGGGAGCCCGGCGUGCCCGCCCCCGAUCUUCACUAGGCCUGCCCGGCCGGG
hbv-miR-B8-3p,GAUCUUCACUAGGCCUGCCCGGC,hbv-mir-B8,CCCGGCUGUGGAGGCCUAGGGGAGCCCGGCGUGCCCGCCCCCGAUCUUCACUAGGCCUGCCCGGCCGGG
hbv-miR-B19-5p,GUGGGCGCACUCGAUCCCGGCU,hbv-mir-B19,UUGGUGGGCGCACUCGAUCCCGGCUGUCCUCCCCUCGCGCGGCGGAUCGGGUCCGCGCUACCGG
hbv-miR-B21RC-5p,GCGCCGGGGUGCGAACCUGGGG,hbv-mir-B21RC,GGGAGCGCCGGGGUGCGAACCUGGGGCGGAAGGACGCAGAGCCUCGGGGUUGCAGCCCGCGUGCUCG
hbv-miR-B26-5p,UGAGUUCGGGCAGCAGGCGCGU,hbv-mir-B26,CGUGAGUUCGGGCAGCAGGCGCGUGCGCACGCAGGCGCGCCGGCGGCCCGGGCUCGCG
hbv-miR-B14RC-3p,AGGAGGGGUCUGGGAGAGAAGGG,hbv-mir-B14RC,CCUCCGCCGCUCUCUCACGGACUCCCCUACUGUGGUGAUGGAAGAGGAGGGGUCUGGGAGAGAAGGGCGGGGG
hbv-miR-B22-3p,UAGGGGAGUCCGUGAGAGAGCGG,hbv-mir-B22,CCCCCGCCCUUCUCUCCCAGACCCCUCCUCUUCCAUCACCACAGUAGGGGAGUCCGUGAGAGAGCGGCGGAGGG
bkv-miR-B1-5p,AUCUGAGACUUGGGAAGAGCAU,bkv-mir-B1,GGGAAUCUUCAGCAGGGGCUGAAGUAUCUGAGACUUGGGAAGAGCAUUGUGAUUGGGAUUCAGUGCUUGAUCCAUGUCCAGAGUCUUCAGUUUCUGAAUCCU
bkv-miR-B1-3p,UGCUUGAUCCAUGUCCAGAGUC,bkv-mir-B1,GGGAAUCUUCAGCAGGGGCUGAAGUAUCUGAGACUUGGGAAGAGCAUUGUGAUUGGGAUUCAGUGCUUGAUCCAUGUCCAGAGUCUUCAGUUUCUGAAUCCU
jcv-miR-J1-5p,UUCUGAGACCUGGGAAAAGCAU,jcv-mir-J1,UCUGCACCAGAGGCUUCUGAGACCUGGGAAAAGCAUUGUGAUUGUGAUUCAGUGCUUGAUCCAUGUCCAGAGUCUUCUGCUUCAGA
jcv-miR-J1-3p,UGCUUGAUCCAUGUCCAGAGUC,jcv-mir-J1,UCUGCACCAGAGGCUUCUGAGACCUGGGAAAAGCAUUGUGAUUGUGAUUCAGUGCUUGAUCCAUGUCCAGAGUCUUCUGCUUCAGA
mcpv-miR-P1-5p,UGGAAGAAUUUCUAGGUACACU,mcpv-mir-P1,AGGUGCCAUACGUUCUGGAAGAAUUUCUAGGUACACUGGUUCCAUUGGGUGUGCUGGAUUCUCUUCCUGAAUUGGUGGUCUCCU
mcpv-miR-P1-3p,UGUGCUGGAUUCUCUUCCUGAA,mcpv-mir-P1,AGGUGCCAUACGUUCUGGAAGAAUUUCUAGGUACACUGGUUCCAUUGGGUGUGCUGGAUUCUCUUCCUGAAUUGGUGGUCUCCU
hiv1-miR-N367,ACUGACCUUUGGAUGGUGCUUCAA,hiv1-mir-N367,UUGGCAGAAUUACACACCAGGGCCAGGGAUCAGAUAUCCACUGACCUUUGGAUGGUGCUUCAAGCUAGUA
hiv1-miR-H1,CCAGGGAGGCGUGCCUGGGC,hiv1-mir-H1,UCCAGGGAGGCGUGCCUGGGCGGGACUGGGGAGUGGCGCCCUCAGAUCCUGCAUAUAAGCAGCGCUUUUUUCGGUGCGUUA
hiv1-miR-TAR-5p,UCUCUCUGGUUAGACCAGAUCUGA,hiv1-mir-TAR,GGGUCUCUCUGGUUAGACCAGAUCUGAGCCUGGGAGCUCUCUGGCUAACUAGGGAACCCAC
hiv1-miR-TAR-3p,UCUCUGGCUAACUAGGGAACCCA,hiv1-mir-TAR,GGGUCUCUCUGGUUAGACCAGAUCUGAGCCUGGGAGCUCUCUGGCUAACUAGGGAACCCAC
